{
	"name": "DS_20190211_Blob_Source",
	"properties": {
		"linkedServiceName": {
			"referenceName": "LS_20190211_Blob_Source",
			"type": "LinkedServiceReference"
		},
		"parameters": {
			"DataSetFileName": {
				"type": "string"
			}
		},
		"annotations": [],
		"type": "DelimitedText",
		"typeProperties": {
			"location": {
				"type": "AzureBlobStorageLocation",
				"fileName": {
					"value": "@dataset().DataSetFileName",
					"type": "Expression"
				},
				"container": "source"
			},
			"columnDelimiter": ",",
			"escapeChar": "\\",
			"firstRowAsHeader": true,
			"quoteChar": "\""
		},
		"schema": [
			{
				"name": "OrderId",
				"type": "String"
			},
			{
				"name": "OrderDate",
				"type": "String"
			},
			{
				"name": "OrderQuantity",
				"type": "String"
			},
			{
				"name": "OrderUnitPrice",
				"type": "String"
			}
		]
	},
	"type": "Microsoft.DataFactory/factories/datasets"
}