{
	"name": "DS_Orders_OnPrem",
	"properties": {
		"linkedServiceName": {
			"referenceName": "LS_OnPremSQL",
			"type": "LinkedServiceReference"
		},
		"annotations": [],
		"type": "SqlServerTable",
		"schema": [
			{
				"name": "OrderID",
				"type": "int",
				"precision": 10
			},
			{
				"name": "ProductID",
				"type": "varchar"
			},
			{
				"name": "CustomerID",
				"type": "varchar"
			},
			{
				"name": "UnitPrice",
				"type": "decimal",
				"precision": 10,
				"scale": 4
			},
			{
				"name": "Quantity",
				"type": "int",
				"precision": 10
			},
			{
				"name": "InsertDateTime",
				"type": "datetime",
				"precision": 23,
				"scale": 3
			}
		],
		"typeProperties": {
			"schema": "dbo",
			"table": "orders"
		}
	},
	"type": "Microsoft.DataFactory/factories/datasets"
}