{
	"name": "DS_Target_WaterMarkTable",
	"properties": {
		"linkedServiceName": {
			"referenceName": "LS_SQL_TargetDB",
			"type": "LinkedServiceReference"
		},
		"folder": {
			"name": "SQL"
		},
		"annotations": [],
		"type": "AzureSqlTable",
		"schema": [
			{
				"name": "TableName",
				"type": "varchar"
			},
			{
				"name": "WatermarkValue",
				"type": "datetime",
				"precision": 23,
				"scale": 3
			}
		],
		"typeProperties": {
			"schema": "dbo",
			"table": "watermarktable"
		}
	},
	"type": "Microsoft.DataFactory/factories/datasets"
}