{
	"name": "TRG_TumblingWait",
	"properties": {
		"annotations": [],
		"runtimeState": "Stopped",
		"pipeline": {
			"pipelineReference": {
				"referenceName": "PL_Wait",
				"type": "PipelineReference"
			}
		},
		"type": "TumblingWindowTrigger",
		"typeProperties": {
			"frequency": "Minute",
			"interval": 15,
			"startTime": "2019-11-02T16:28:00Z",
			"endTime": "2019-11-04T16:28:00Z",
			"delay": "00:00:00",
			"maxConcurrency": 50,
			"retryPolicy": {
				"intervalInSeconds": 30
			},
			"dependsOn": []
		}
	}
}