{
	"name": "PL_CallStoredProc",
	"properties": {
		"activities": [
			{
				"name": "SuccessSP",
				"type": "SqlServerStoredProcedure",
				"dependsOn": [],
				"policy": {
					"timeout": "7.00:00:00",
					"retry": 0,
					"retryIntervalInSeconds": 30,
					"secureOutput": false,
					"secureInput": false
				},
				"userProperties": [],
				"typeProperties": {
					"storedProcedureName": "[dbo].[sp_select]"
				},
				"linkedServiceName": {
					"referenceName": "LS_SQL_TargetDB",
					"type": "LinkedServiceReference"
				}
			},
			{
				"name": "WaitUponSuccess",
				"type": "Wait",
				"dependsOn": [
					{
						"activity": "SuccessSP",
						"dependencyConditions": [
							"Succeeded"
						]
					}
				],
				"userProperties": [],
				"typeProperties": {
					"waitTimeInSeconds": 1
				}
			},
			{
				"name": "WaitUponFailure",
				"type": "Wait",
				"dependsOn": [
					{
						"activity": "SuccessSP",
						"dependencyConditions": [
							"Failed"
						]
					}
				],
				"userProperties": [],
				"typeProperties": {
					"waitTimeInSeconds": 2
				}
			}
		],
		"annotations": []
	},
	"type": "Microsoft.DataFactory/factories/pipelines"
}