{
	"name": "PL_CopyOrdersLocaltoAzure",
	"properties": {
		"activities": [
			{
				"name": "Copy data1",
				"type": "Copy",
				"dependsOn": [],
				"policy": {
					"timeout": "7.00:00:00",
					"retry": 0,
					"retryIntervalInSeconds": 30,
					"secureOutput": false,
					"secureInput": false
				},
				"userProperties": [],
				"typeProperties": {
					"source": {
						"type": "SqlServerSource"
					},
					"sink": {
						"type": "AzureSqlSink"
					},
					"enableStaging": false,
					"translator": {
						"type": "TabularTranslator",
						"mappings": [
							{
								"source": {
									"name": "OrderID",
									"type": "Int32"
								},
								"sink": {
									"name": "OrderID",
									"type": "Int32"
								}
							},
							{
								"source": {
									"name": "ProductID",
									"type": "String"
								},
								"sink": {
									"name": "ProductID",
									"type": "String"
								}
							},
							{
								"source": {
									"name": "CustomerID",
									"type": "String"
								},
								"sink": {
									"name": "CustomerID",
									"type": "String"
								}
							},
							{
								"source": {
									"name": "UnitPrice",
									"type": "Decimal"
								},
								"sink": {
									"name": "UnitPrice",
									"type": "Decimal"
								}
							},
							{
								"source": {
									"name": "Quantity",
									"type": "Int32"
								},
								"sink": {
									"name": "Quantity",
									"type": "Int32"
								}
							},
							{
								"source": {
									"name": "InsertDateTime",
									"type": "DateTime"
								},
								"sink": {
									"name": "InsertDateTime",
									"type": "DateTime"
								}
							}
						]
					}
				},
				"inputs": [
					{
						"referenceName": "DS_Orders_OnPrem",
						"type": "DatasetReference"
					}
				],
				"outputs": [
					{
						"referenceName": "DS_Target_Orders",
						"type": "DatasetReference"
					}
				]
			}
		],
		"annotations": []
	},
	"type": "Microsoft.DataFactory/factories/pipelines"
}