{
	"name": "PL_Master",
	"properties": {
		"activities": [
			{
				"name": "Execute Pipeline1",
				"type": "ExecutePipeline",
				"dependsOn": [],
				"userProperties": [],
				"typeProperties": {
					"pipeline": {
						"referenceName": "PL_20191102_CopyFile",
						"type": "PipelineReference"
					},
					"waitOnCompletion": true,
					"parameters": {
						"FileName": {
							"value": "@pipeline().parameters.FileName",
							"type": "Expression"
						}
					}
				}
			}
		],
		"parameters": {
			"FileName": {
				"type": "string",
				"defaultValue": "sample.txt"
			}
		},
		"annotations": []
	},
	"type": "Microsoft.DataFactory/factories/pipelines"
}